Question_ID,Year,Subject,Topic,Question_Text,Option_A,Option_B,Option_C,Option_D,Current_Answer,Correct_Answer,Explanation,Mnemonic,Tags,Notes
16,2018,General Medicine,,Most common valve involved in Carcinoid syndrome is: (a)  (b)  (c),Mitral valve,Tricuspid valve,Aortic valve,Pulmonary valve,A,,,,,
17,2018,General Medicine,,A 70 year old man reports to the emergency with acute chest pain. ECG shows inferior wall Myocardial Infarction (MI). He has recently been discharged 7 days back following thrombolysis with streptokin,"Aspirin, Sublingual nitroglycerin, Clopidogrel, Primary PCI","Aspirin, Sublingual nitroglycerin, Clopidogrel, Streptokinase","Aspirin, Sublingual nitroglycerin, Clopidogrel, Heparin","Aspirin, Sublingual nitroglycerin, Clopidogrel, Beta blockers",A,,,,cardiology,
18,2018,General Medicine,,The presence of a fusion beat on an Electrocardiogram is diagnostic of: (a)  (b)  (c),Atrial Fibrillation,Ventricular Tachycardia,Supraventricular Tachycardia,Sinus Bradycardia,A,,,,,
19,2018,General Medicine,,"A 64 year old man presents with chest pain of 24 hours duration. His ECG reveals ST elevation, Anterior Wall Myocardial Infarction. The preferred treatment modality for him is: (a)  (b)  (c)",Primary percutaneous coronary intervention,Thrombolysis with Alteplase,Thrombolysis with Streptokinase,"Nitroglycerin infusion , Aspirin and Beta blockers",A,,,,cardiology,
20,2018,General Medicine,,The preferred anti hypertensive drug for a 74 year old male with benign prostatic hypertrophy is: (a)  (b)  (c),Amlodepine,Hydrochlorothiazide,Prazosin,Atenolol,A,,,,,
21,2018,General Medicine,,The treatment of choice for a 32 year old male patient of severe mitral stenosis (Rheumatic) with thickened and calcified valves on echocardiography is: (a)  (b)  (c)  (d) Mitral valvotomy,Balloon valvuloplasty,Mitral valve replacement,Medical management only,,A,,,,,
22,2018,General Medicine,,Which one of the following is an example of Type-IV respiratory failure? (a)  (b)  (c),Bronchial asthma,Pulmonary embolism,COPD,Shock,A,,,,,
23,2018,General Medicine,,All of the following are seen in Polyarteritis Nodosa EXCEPT: (a)  (b)  (c),Glomerulonephritis,Peripheral Neuropathy,Bowel Infarction,Pericarditis,A,,,,,
24,2018,General Medicine,,All of the following are the pointers to organic cause of psychiatric disease EXCEPT: (a)  (b)  (c),Late age of onset of psychiatric illness,No previous history of psychiatric illness,Family history of psychiatric illness,No apparent psychological precipitant,A,,,,,
25,2018,General Medicine,,All of the following are Long Acting Beta Agonists (LABA) EXCEPT: (a)  (b)  (c)  (d) Indacaterol,Levo salbutamol,Salmeterol,Formoterol,,A,,,,,
26,2018,General Medicine,,Deficiency of which immune function results in tubercular infections? (a)  (b)  (c),Defective phagocytic function,Defect in T cell function,Defect in B cell function,Defect in antibody productivity,A,,,,,
27,2018,General Medicine,Community Acquired Pneumonia (CAP),The most common agent responsible for community acquired pneumonia is: (a)  (b)  (c),Streptococcus pneumoniae,Mycoplasma pneumoniae,Staphylococcus aureus,Legionella haemophilia,A,,Most common cause of community-acquired pneumonia is Streptococcus pneumoniae. It remains the leading typical bacterial pathogen in adults.,CAP classic: S-pneumo Starts the list.,"community acquired pneumonia, pneumonia etiology, respiratory infections, streptococcus pneumoniae, typical pneumonia",
28,2018,General Medicine,,"A 26 year old woman presents with fever, arthralgia and erythema nodosum. Her chest X-ray reveals bilateral hilar lymphadenopathy. Her mantoux test is negative. The most likely diagnosis is: (a)  (b) ",Tuberculosis,Allergic bronchopulmonary aspergillosis,Sarcoidosis,Pulmonary thromboembolism,A,,,,,
29,2018,General Medicine,,Pleural fluid LDH/serum LDH < 0.6 Select the correct answer using the code given below: (a)  (b)  (c),1 and 3,1 and 4,2 and 3,2 and 4,A,,,,,
30,2018,General Medicine,,All of the following are seen in Whipple’s disease EXCEPT: (a)  (b)  (c),Weight loss,Migratory arthropathy,Dementia,Hemolytic anemia,A,,,,,
31,2018,General Medicine,,"A middle aged patient with chronic liver disease presents with pain abdomen and distension. He also has diarrhoea and fever since one day. On examination, he is hemodynamically stable with fever of 10",Spontaneous bacterial peritonitis,Secondary bacterial peritonitis,Perforation peritonitis,T B peritonitis,A,,,,,
32,2018,General Medicine,,Herald patch followed by rash is characteristic of: (a)  (b)  (c),Psoriasis,Lichen planus,Pityriasis rosea,Dermatophytosis,A,,,,,
33,2018,General Medicine,,A young male comes to the OPD with history of jaundice since many years. He has noted that the jaundice may fluctuate but is often aggravated when he is fasting. There is no history of hospitalisation,Dubin Johnson syndrome,Crigler Najjar syndrome type-I,Gilbert’s syndrome,Rotor syndrome,A,,,,,
34,2018,General Medicine,,All of the following are causes of anemia in a case of chronic kidney disease EXCEPT: (a)  (b)  (c),Decreased red blood cell survival,Hemoglobinopathy,Erythropoietin deficiency,Gastrointestinal blood loss,A,,,,hematology,
35,2018,General Medicine,,Characteristic feature of upper motor neuron lesion includes: (a)  (b)  (c),Fasciculations,Hyporeflexia,Clonus,Muscle wasting,C,,"The characteristic features of upper motor neuron (UMN) lesions include clonus, hyperreflexia, spasticity, and positive Babinski sign. Clonus is rhythmic muscle contractions occurring with sustained stretch. Fasciculations and muscle wasting are features of lower motor neuron lesions.","CLONUS mnemonic: C-Clonus, L-Loss of inhibition, O-Overactive reflexes, N-No muscle wasting initially, U-Upper motor damage, S-Spasticity.","Upper Motor Neuron, Neurological Examination, Clonus, Spasticity, Pyramidal Signs",
36,2018,General Medicine,,Which one of the following arteries is involved in causation of lateral medullary syndrome? (a)  (b)  (c),Anterior superior cerebellar artery,Anterior inferior cerebellar artery,Posterior superior cerebellar artery,Posterior inferior cerebellar artery,A,,,,,
37,2018,General Medicine,,"A right handed 70 year old man has a brain scan which reveals a lesion that has damaged his left angular and supramarginal gyrus. On examination, one would expect the following EXCEPT: (a)  (b)  (c)",Difficulty with left to right discrimination,Inappropriate affect,Finger agnosia,Inability to write,A,,,,,
38,2018,General Medicine,Community Acquired Pneumonia (CAP),Total iron binding capacity of more than 360 µg/dl is seen in anemia due to: (a)  (b)  (c),Chronic inflammation,Hemoglobinopathies,Sideroblastic anemia,Iron deficiency anaemia,A,,Most common cause of community-acquired pneumonia is Streptococcus pneumoniae. It remains the leading typical bacterial pathogen in adults.,CAP classic: S-pneumo Starts the list.,"community acquired pneumonia, hematology, pneumonia etiology, respiratory infections, streptococcus pneumoniae, typical pneumonia",
39,2018,General Medicine,Community Acquired Pneumonia (CAP),Escape behaviour with paroxysmal occurrence is seen in: (a)  (b)  (c),Phobic disorder,Anxiety disorder,Obsessive compulsive disorder,Panic disorder,A,,Most common cause of community-acquired pneumonia is Streptococcus pneumoniae. It remains the leading typical bacterial pathogen in adults.,CAP classic: S-pneumo Starts the list.,"community acquired pneumonia, pneumonia etiology, respiratory infections, streptococcus pneumoniae, typical pneumonia",
40,2018,General Medicine,,Warfarin anticoagulation Select the correct answer using the code given below: (a)  (b)  (c),1 and 4,1 and 3,2 and 3,2 and 4,A,,,,,
41,2018,General Medicine,,Syndrome X includes: (a)  (b)  (c),"Hyperlipidemia, Obesity, Type-2 DM","Obesity, CAD, COPD","Hyperlipidemia, Hyperuricemia with CAD","Hyponatremia, Hyperlipidemia with type-2 DM",A,,,,,
42,2018,Pediatrics,,Growth hormone secretion is inhibited by: (a)  (b)  (c),Arginine,Glucose,Clonidine,L-Dopa,A,,,,,
43,2018,General Medicine,,Which one of the following drugs causes hypercalcemia? (a)  (b)  (c)  (d)  (a) Glargine (b) Degludec (c) Glulisine (d) Detemir,Phenytoin,Heparin,Lithium,"Furosemide
29
All of the following insulins are longer acting EXCEPT:",A,,,,,
44,2018,General Medicine,,The presence of vitiligo on examination suggests an associated: (a)  (b)  (c),Autoimmune disease,Degenerative disease,Infection,Malignancy,A,,,,,
45,2018,General Medicine,,A mildy elevated TSH ( 5-20 mU/L) along with a normal T3 and normal T4 levels is suggestive of : (a)  (b)  (c),Primary hypothyroidism,Subclinical hypothyroidism,Artefact,Thyroid hormone resistance,A,,,,,
46,2018,General Medicine,,Which one of the following suggests patient to be prediabetic? (a)  (b)  (c),"HbA1c 5.6%, FPG 126 mg/dL","HbA1c 6%, FPG 130 mg/dL","HbA1c 6.2%, FPG 105 mg/dL","HbA1c 6.6%, FPG 115 mg/dL",A,,,,,
47,2018,General Medicine,,Cutaneous manifestations of tuberculosis includes: (a)  (b)  (c),Erythema nodosum and lupus vulgaris,Erythema marginatum and lupus vulgaris,Phyctenular conjunctivitis and erythema multiforme,Pyoderma gangrenosum and Dactylitis,A,,,,infectious diseases,
48,2018,General Medicine,,Treatment of scrub typhus is: (a)  (b)  (c),Ciprofloxacin,Clindamycin,Penicillin,Azithromycin,A,,,,,
49,2018,General Medicine,,Which one of the following is NOT correct regarding Clostridum tetani? (a)  (b)  (c),Anaerobic,Non motile,Gram positive,Spore bearing,A,,,,,
50,2018,General Medicine,,All of the following are extrapulmonary manifestations of mycoplasma infection EXCEPT: (a)  (b)  (c),Arthritis,Guillain Barre syndrome,Stevens Johnson syndrome,Dementia,A,,,,,
51,2018,General Medicine,,A ‘slapped cheek rash’ is characteristic of infection with: (a)  (b)  (c),Rubella,Parvovirus B19,Human herpesvirus 6,Measles,A,,,,,
52,2018,General Medicine,,A 34 week pregnant nurse comes in contact with a patient with chickenpox at her workplace. She has never had chickenpox in the past and is unvaccinated.  (a)  (b)  (c)  (d) Wait and watch,Varicella zoster immunoglobulin to be given within 7 days,Vaccinate for chicken pox,Start oral acyclovir,The best option for her is:,A,,,,,
53,2018,General Medicine,,Which one of the following has the maximum diagnostic sensitivity for Leishmaniasis? (a)  (b)  (c),Splenic aspirate,Bone marrow aspirate,Ascitic fliud aspirate,Lymph node aspirate,A,,,,,
54,2018,General Medicine,,Which one of the following statements regarding cryptosporidiosis is NOT correct? (a)  (b)  (c),Infection is acquired by feco-oral route,It is usually a mild self limiting illness in immunocompetent patient,In HIV infected persons it is a serious opportunistic infection,Treatment is with metronidazole,A,,,,,
55,2018,Pediatrics,,"All of the following are live attenuated s EXCEPT: (a) MMR(Measles, Mumps, Rubella)  (b) Rabies  (c) Oral polio  (d) BCG",vaccine,Rabies vaccine,Oral polio vaccine,,A,,,,,
56,2018,General Medicine,,All of the following are soil transmitted nematodes EXCEPT: (a)  (b)  (c),Ancyclostoma duodenale,Strongyloides stercoralis,Necator americanus,Ascaris lumbricoides,A,,,,,
57,2018,General Medicine,,Rabies immune globulin at wound site Select the correct answer using the code given below: (a)  (b)  (c),1 only,1 and 2 only,"1, 2 and 3","2, 3 and 4",A,,,,,
58,2018,General Medicine,,Loffler’s syndrome is caused due to infection by: (a)  (b)  (c),Strongyloidiasis,Filariasis,Cysticercosis,Ascaris,A,,,,,
59,2018,General Medicine,,Hepatitis Select the correct answer using the code given below: (a)  (b)  (c),1 only,1 and 2 only,"1, 2 and 3",2 only,A,,,,,
60,2018,General Medicine,,Clostridium infection Select the correct answer using the code given below: (a)  (b)  (c),"1, 2 and 4 only","2, 3 and 4 only",1 and 3 only,"1, 2, 3 and 4",A,,,,,
61,2018,General Medicine,,Antifungal agent of choice for the treatment of mucormycosis is: (a)  (b)  (c),Voriconazole,Intraconazole,Amphotericin-B,Fluconazole,A,,,,,
62,2018,General Medicine,,What drug therapy would be appropriate for management of UTI in a pregnant patient? (a)  (b)  (c),Trimethoprim-sulfamethoxazole,Ciprofloxacin,Ampicillin,All of these,A,,,,,
63,2018,General Medicine,,Which one of the following conditions is NOT associated with lymphocytosis? (a)  (b)  (c),Infectious mononucleosis,Viral fevers,Rickettsial fevers,Leptospirosis,A,,,,,
64,2018,General Medicine,,Which of the following is NOT a diagnostic criterion of Kwashiorkor? (a)  (b)  (c),Serum albumin < 2.8 g/dl,Triceps skinfold thickness < 3 mm,Easy hair pluckability,Edema,A,,,,,
65,2018,General Medicine,,Which one of the following drugs does NOT have any action against Salmonella typhi? (a)  (b)  (c),Erythromycin,Amoxicillin,Co-trimoxazole,Doxycycline,A,,,,,
66,2018,General Medicine,,All of the following drugs are used for the treatment of influenza EXCEPT: (a)  (b)  (c),Zanamivir,Rimantadine,Oseltamivir,Tenofovir,A,,,,,
67,2018,General Medicine,,Diagnostic accuracy has been enhanced by the ability to detect specific DNA sequences in all of the following infectious micro-organisms EXCEPT: (a)  (b)  (c),Cytomegalovirus(CMV),Human Immunodeficiency virus (HIV),Mycobacterium tuberculosis,Staphylococcus aureus,A,,,,,
68,2018,General Medicine,,Hip Flexor Spasm is characteristic of: (a)  (b)  (c),Osteomyelitis femur,Septic arthritis hip joint,Psoas abscess,Deep vein thrombosis,A,,,,,
69,2018,General Medicine,,Gastroenteritis associated with eating raw eggs is usually attributed to: (a)  (b)  (c),E.coli,Noro virus,Salmonella species,Clostriduim botulinum,A,,,,,
70,2018,General Medicine,,Which one of the following diseases is NOT caused by protozoa? (a)  (b)  (c)  (d)  (a) Needle Biopsy of the Pleura (b) Pleural Fluid Xpert MTB/RIF assay (c) Pleural Fluid AFB smear (d) Pleural Fluid A,Trypanosomiasis,Leishmaniasis,Amoebiasis,"Schistosomiasis
57
An adult with fever and right sided chest pain is found to have a moderate right sided pleural
effusion. Chest X-Ray (PA view) also shows a moderate pleural effusion. A diagnostic
thoracocentesis reveals straw coloured exudates with 50 mg% of sugar and lymphocytic
pleocytosis. ADA levels are borderline. What investigation would be most likely to confirm a
diagnosis of tuberculosis?",A,,,,,
71,2018,General Medicine,,Cerebrospinal fluid may show mild pleocytosis with increase polymorphonuclear cells in early course of disease Which of the above statements are correct? (a)  (b)  (c),"1, 2 and 3","2, 3 and 4","1, 2 and 4","1, 3 and 4",A,,,,,
72,2018,General Medicine,,Which one of the following is NOT seen in case of Marasmus? (a)  (b)  (c),Reduced triceps skinfold thickness,Normal serum albumin,Easy hair pluckability,Decreased mid arm circumference,A,,,,,
73,2018,General Medicine,,Perception of an object in absence of stimulus is: (a)  (b)  (c),Illusions,Delusions,Hallucination,Psychosis,A,,,,,
74,2018,General Medicine,,All of the following drugs can be used for the treatment for cessation of smoking EXCEPT: (a)  (b)  (c),Nicotine gum,Clonazepam,Bapropion,Varenicline,A,,,,,
75,2018,General Medicine,,All of the following features are present in Organophosphorus poisoning EXCEPT: (a)  (b)  (c),Bronchorrhea,Hypertonia,Confusion,Fasciculations,A,,,,,
76,2018,General Medicine,,Small sized pupils are seen in poisoning with all EXCEPT: (a)  (b)  (c),Organophosphorous compounds,Opioids,Clonidine,Cocaine,A,,,,,
77,2018,General Medicine,,"A 24 year old male presents with consumption of an unknown substance. His respiratory rate is 22/minute, pulse rate is 110/minute, BP is 150/94 mmHg and he has 2 episodes of seizures. There are tremor",Amphetamines,Diazepam,Oxycodone,Ethanol,A,,,,neurology,
78,2018,General Medicine,,The toxic effects of aluminium phosphide is due to the release of: (a)  (b)  (c),Phosgene,Chlorine,Inorganic phosphates,Phosphine,A,,,,,
79,2018,General Medicine,,An 18 year old boy was brought to the emergency department after being bitten by a saw- scaled viper. The monitoring which is most crucial in this patient is: (a)  (b)  (c),Single breath count,Neck flop,Whole blood clotting time,Creatine phosphokinase,A,,,,,
80,2018,General Medicine,,Bite of cobra is likely to result in: (a)  (b)  (c),Flaccid paralysis,Coagulopathy,Myolysis,Cardiotoxicity,A,,,,,
81,2018,General Medicine,,Hematuria is a prominent symptom with infection due to: (a)  (b)  (c),Strongyloides stercoralis,Schistosoma hematobium,Toxocara spp.,Gnathostomiasis,A,,,,,
82,2018,General Medicine,,Bite of the Tsetse Fly transmits: (a)  (b)  (c),Leishmaniasis,Chaga’s disease,Dengue fever,African Trypanosomiasis,A,,,,,
83,2018,General Medicine,,A 60 year old man with pneumonia is unconscious and has a PaO of 50 mm Hg. The 2 preferred modality of treatment for him is: (a)  (b)  (c),Oxygen through nasal cannula,Non invasive ventilation,Invasive mechanical ventilation,No respiratory support is indicated,A,,,,,
84,2018,General Medicine,,Oliguria is defined as a reduction in urine output (a)  (b)  (c),Less than 1 ml/kg/hour,Less than 0.5 ml/kg/hour,Less than 200 ml in 24 hours,Any decrease over previous urine output,A,,,,,
85,2018,General Medicine,,All of the following are signs of Brain death EXCEPT: (a)  (b)  (c),Pupils fixed and unresponsive to light,Corneal reflexes absent,Bilateral planter response – Mute or Absent,No gag reflex,A,,,,,
86,2018,General Medicine,,"A 35 year old man with history of alcoholism presents with ophthalmoplegia, ataxia and global confusion. The treatment of choice for this patient is: (a)  (b)  (c)",I.V. Glucose,I.V. Thiamine,I.V. Mannitol,I.V. Immunoglobulin,A,,,,,
87,2018,General Medicine,,Most common form of paroxysmal supraventricular Tachycardia is: (a)  (b)  (c),Junctional Ectopic Tachycardia,AV Nodal Reentry Tachycardia (ANVRT),Accessory Pathways,Accelerated junctional rhythm,A,,,,,
88,2018,General Medicine,,The primary therapeutic intervention in symptomatic Sino atrial node dysfunction is: (a)  (b)  (c),I.V. Atropine,I.V. Isoprenaline,Permanent pacemaker,I.V. Theophylline,A,,,,,
89,2018,General Medicine,,Obliterative bronchiolitis Select the correct answer using the code given below: (a)  (b)  (c),1 and 2 only,2 and 3 only,1 and 3 only,"1, 2 and 3",A,,,,,
90,2018,General Medicine,,Which one of the following is used to distinguish narrowing of large airway from small airway? (a)  (b)  (c),Peak expiratory flow rate is measured,Flow/ volume loops are recorded,Forced expiratory volume in one second is measured,Flow/time loops are recorded,A,,,,,
91,2018,General Medicine,,The most common cause of chronic relapsing diarrhoea is: (a)  (b)  (c),Inflammatory bowel disease,Coeliac disease,Microscopic colitis,Irritable bowel syndrome,A,,,,,
92,2018,General Medicine,,The most common cause of severe acute lower gastrointestinal bleeding is: (a)  (b)  (c),Angiodysplasia of colon,Diverticular disease,Ischaemia of bowel,Inlammatory bowel disease,A,,,,,
93,2018,General Medicine,,Risk scoring system used to stratify the patients of acute upper gastrointestinal bleeding to predict the need for intervention to treat bleeding is: (a)  (b)  (c),Modified Blatchford score,Modified Child Pugh score,Balthazar score,Meld score,A,,,,,
94,2018,General Medicine,,Corkscrew hairs are seen due to deficiency of: (a)  (b)  (c),Vitamin A,Vitamin E,Vitamin K,Vitamin C,A,,,,,
95,2018,General Medicine,,Nephrotic syndrome in children with atypical features Select the correct answer using the code given below: (a)  (b)  (c),1 and 2 only,2 and 3 only,1 and 3 only,"1, 2 and 3",A,,,,,
96,2018,General Medicine,,Myeloma Select the correct answer using the code given below: (a)  (b)  (c),1 and 2 only,2 and 3 only,1 and 3 only,"1, 2 and 3",A,,,,,
97,2018,General Medicine,,Presence of Dysmorphic Erythrocytes in urine analysis is suggestive of: (a)  (b)  (c),Pyelonephritis,Nephritis,Renal stone disease,Renal tract infection,A,,,,,
98,2018,General Medicine,,Syndrome of Inappropriate ADH secretion (SIADH) is usually associated with: (a)  (b)  (c),Small cell lung cancer,Squamous cell lung cancer,Large cell lung cancer,Adenocarcinoma lung cancer,A,,,,,
99,2018,General Medicine,,"A silent, resonant Hemithorax on examination is suggestive of: (a)  (b)  (c)",Large Pleural effusion,Pneumothorax,Bronchial asthma,Consolidation,A,,,,,
100,2018,General Medicine,,Gower’s sign is positive in: (a)  (b)  (c),Peroneal muscle atrophy,Duchenne’s dystrophy,Friedreich ataxia,Cerebellar disease,A,,,,,
101,2018,General Medicine,,All of the following are the indications of renal replacement therapy EXCEPT: (a)  (b)  (c),Metabolic Acidosis (pH < 7.25),Hypercalcemia,Hyperkalemia ( K+ > 6 mmol/L),Fluid overload,A,,,,,
102,2018,General Medicine,,All of the bacterial diseases are exotoxin-mediated EXCEPT: (a)  (b)  (c),Botulism,Diphtheria,Typhoid,Tetanus,A,,,,,
103,2018,General Medicine,,The following substances can cause dilated pupils EXCEPT: (a)  (b)  (c),Tricyclic Antidepressants,Cocaine,Clonidine,Amphetamines,A,,,,,
104,2018,General Medicine,,Which one of the following drugs can cause Pulmonary Eosinophilia? (a)  (b)  (c),Nitrofurantoin,Valproate,Enalapril,Amoxycillin,A,,,,,
105,2018,General Medicine,,CA 19-9 is a tumour marker used for the diagnosis of: (a)  (b)  (c),Lung cancer,Prostate cancer,Ovarian cancer,Pancreatic cancer,A,,,,,
106,2018,General Medicine,,Tinea versicolor is caused by: (a)  (b)  (c),Candida albicans,Trichophyton,Streptococci,Malassezia furfur,A,,,,,
107,2018,General Medicine,,Osborn wave in ECG is characteristic of: (a)  (b)  (c),Hypothyroidism,Hypovolemia,Hypothermia,Hypocalcemia,A,,,,,
108,2018,General Medicine,,Disease modifying agent of choice for the peripheral manifestations of ankylosing spondylitis is: (a)  (b)  (c),Methotrexate,Hydroxychloroquine,Sulfasalazine,Leflunomide,A,,,,,
109,2018,General Medicine,,Drug of choice for treating hypertensive emergency in a case of Aortic dissection is: (a)  (b)  (c),Phentolamine,Prazosin,Nitroprusside,Amlodipine,A,,,,,
110,2018,General Medicine,,"A 5 year old boy is brought to the Emergency Room following a crushing injury. The ECG reveals peaked T waves, prolonged PR interval and widened QRS complexes. Which of the following treatments should",Sodium bicarbonate infusion,Intravenous bolus procainamide,Insulin infusion,Intravenous magnesium sulphate,A,,,,,
111,2018,General Medicine,,"A child with Acute Lymphoblastic Leukemia is started on chemotherapy. After 2 days he develops vomiting, decreased urine output abdominal pain and tetanic spasms. The ECG reveals QT prolongation. Whic",Normal maintenance intravenous fluid,Oral phosphate binders,Intravenous rasburicase,None of these,A,,,,,
112,2018,Pediatrics,,Which of the following treatment modalities is NOT recommended for worsening respiratory distress in a child suspected to be suffering from acute croup? (a)  (b)  (c),Sedation,Intravenous antibiotics,Nebulised racemic epinephrine,Intramuscular dexamethasone,A,,,,,
113,2018,Pediatrics,,Which of the following developmental skills will you expect a child to have acquired by 9 months? (a)  (b)  (c),Cruising around the furniture,Mature pincer grasp,Waves ‘bye-bye’,Refers to mother as ‘ma-ma’,A,,,,,
114,2018,Pediatrics,,Which of the following is physiological in a term neonate? (a)  (b)  (c),Hypotonia,Erythema toxicum,Jaundice at 20 hours of life,Direct serum bilirubin level = 3.0 mg/dL,A,,,,,
115,2018,Pediatrics,,"A preterm neonate undergoes the initial steps of resuscitation. The clinician observes that the baby is breathing, has a heart rate of 80/minute and the baby is pink. What will be the next immediate s",Administering intravenous epinephrine,Chest compressions,Positive pressure ventilation,Supplemental oxygen,A,,,,,
116,2018,Pediatrics,,"A child is able to copy a triangle, names 4 colours, dresses and undresses easily and is able to skip. What is the likely age of this child? (a)  (b)  (c)",30 months,36 months,48 months,60 months,A,,,,,
117,2018,Pediatrics,,Which of the following will be considered to be a ‘RED FLAG’ in child development? (a)  (b)  (c),No vocalization by 4 months,Unable to sit without support by 10 months,Unable to walk independently by 15 months,Unable to speak a single word with meaning by 15 months,A,,,,,
118,2018,General Medicine,,Turpentine oil ingestion Select the correct answer using the codes given below: (a)  (b)  (c),1 and 2,2 and 3,3 and 4,4 and 1,A,,,,,
119,2018,Pediatrics,,"A 10-year old girl is brought to the emergency following a road traffic accident. The child is comatose with GCS score of 4. She is hypertensive, has bradycardia and extensor posturing. CT imaging rev",Head of bed elevation,Mechanical ventilation,Intravenous dexamethasone,Hypertonic saline administration,A,,,,,
120,2018,Pediatrics,,A 3-year old boy is brought with complaints of staying aloof. He also has delayed speech. Rest of the developmental milestones were attained normally. The most likely diagnosis is: (a)  (b)  (c),Selective mutism,Attention deficit hyperactivity disorder,Autism,Phonological disorder,A,,,,,
121,2018,Pediatrics,,Which of the following statements regarding HPV (Human Papilloma Virus) vaccine is NOT true? (a)  (b)  (c),It can be safely administered in pregnancy,The recommended age for initiation of vaccination is 10–12 years,"Catch up vaccination may be permitted up to 26 years of age, provided the woman is
not sexually active",The vaccine is administered intramuscularly in deltoid region,A,,,,,
122,2018,Pediatrics,,A 6-year old boy comes to the immunization clinic having received all vaccines as per schedule till 18 months of age. Which vaccine should be administered now? (a)  (b)  (c),DTPw booster,TdaP booster,DT booster,TT booster,A,,,,,
123,2018,Pediatrics,,“Time-out” strategy is used for management of children having: (a)  (b)  (c)  (d)  (a) Japanese Encephalitis vaccine (b) Measles vaccine (c) Hepatitis A vaccine (d) Haemophilus influenza type B vaccin,Tics,Temper tantrums,Stuttering,"Breath holding spells
111
All of the following are included in the ‘Mission Indradhanush’ EXCEPT:",A,,,,,
124,2018,General Medicine,,Which of the following is the best mode of management of a newborn born to a mother with Hepatitis B infection? (a)  (b)  (c),Hepatitis B Immunoglobulin (HBIG) and Hepatitis B vaccine at birth,1 and monotherapy with Infection,1 and monotherapy with Lamivudine,1 and monotherapy with Adefovir,A,,,,,
125,2018,General Medicine,,At what age should a lateral neck radiograph be done for a child with Downs syndrome to rule out atlanto-occipital subluxation? (a)  (b)  (c),At birth,At 1 year,At 2 years,At 3 years,A,,,,,
126,2018,Pediatrics,,Which X ray will be used to evaluate the bone age (skeletal age)of a term newborn at birth? (a)  (b)  (c),Wrist,Shoulder,Knee,Elbow,A,,,,,
127,2018,General Medicine,,Which of the following permanent tooth eruption event has close correlation with menarche? (a)  (b)  (c),First premolar,First molar,Second premolar,Second molar,A,,,,,
128,2018,General Medicine,,Which one of the following is NOT a component of the ‘4 Ds’ that are the focus of the Rashtriya Bal Suraksha Karyakram’(RBSK)? (a)  (b)  (c),Deficit,Disease,Deficiency,Developmental delay,A,,,,,
129,2018,General Medicine,,"In which one of the following age groups is the highest rate of drowning observed, worldwide? (a)  (b)  (c)",Less than 1 year,1–4 years,4–10 years,10–15 years,A,,,,,
130,2018,Pediatrics,,Which of the following is the recommended initial intravenous therapy in a 2-year old child with Severe Acute Malnutrition with Severe Dehydration and Shock? (a)  (b)  (c),Ringer Lactate(R) at the rate of 30 mL/kg over first 30 minutes,"Half-normal saline (N/2) in 5% dextrose at the rate of 15 mL/kg over first 60
minutes",Normal saline(NS) at the rate of 20 mL/kg over the first 30 minutes,N/5 saline with 5% dextrose at the rate of 30 mL/kg over first 60 minutes,A,,,,,
131,2018,General Medicine,,A female carrier for hemophilia A gene gets married to a genetically normal male. What are the chances of her delivering a male offspring with hemophilia? (a)  (b)  (c) 5 (d) 10,0%,25%,50%,100%,A,,,,,
132,2018,General Medicine,,What is the definition of ‘Cold stress’ in a newborn as measured by the axillary temperature? (a)  (b)  (c),35.0 – 35.5 °C,35.0 – 36.0 °C,35.5 – 36.5 °C,36.0 – 36.4 °C,A,,,,,
133,2018,Surgery,,What are the characteristics of ideal health indicators? (a)  (b)  (c),"They should be valid, reliable, sensitive, specific, feasible and relevant","They should be mainly valid, reliable and sensitive but need not be specific","They should be mainly valid, reliable and feasible but need not be sensitive","They should be mainly valid, reliable and relevant but need not be feasible",A,,,,,
134,2018,Surgery,,Which one of the following statements regarding predictive value of a positive test is true? (a)  (b)  (c),It does not tell about diagnostic power of test,"The more prevalent the disease, the less accurate the test is",It tells the probability that a patient with positive test has the disease in question,"It tells the probability that a patient with positive test does not have the disease in
question",A,,,,,
135,2018,Preventive & Social Medicine,,The yield of a screening test CAN NOT be increased by which of the following? (a)  (b)  (c),Including entire population,Including high risk population,Improved sensitivity,Improved specificity,A,,,,,
136,2018,Surgery,,Which one of the following statements regarding the growth chart is NOT true? (a)  (b)  (c),It is used as a tool for growth monitoring and diagnosis,It is used for planning and policy making,It is used as tool for action against the Anganwadi worker,It is used as tool for teaching and evaluation of effectiveness of programme,A,,,,,
137,2018,Surgery,,Flattening of the growth curve in the growth chart signifies: (a)  (b)  (c),Child is on a healthy path,Child is severely malnourished,Child is showing signs of growth failure,Child does not need special care,A,,,,,
138,2018,Surgery,,Common source – point exposure Select the correct answer using the codes given below: (a)  (b)  (c),1 and 2 only,3 only,"1, 2 and 3",2 only,A,,,,,
139,2018,Surgery,,Which one of the following experiments/ trials is NOT a part of non-randomized trial? (a)  (b)  (c),Uncontrolled trial,Risk factor trial,Natural experiment,Before and after comparison studies,A,,,,,
140,2018,Surgery,,What is the relative risk of developing tuberculosis among tobacco users as per the information given below? Tobacco user Tuberculosis Total Yes No Yes 40 80 120 No 10 70 80 Total 50 150 200 (a)  (b) ,0.48,1.33,2.67,3.90,A,,,,infectious diseases,
141,2018,Surgery,,What is the attributable risk of tobacco for developing tuberculosis as per the information given below? Tobacco users Tuberculosis Total Present Absent Yes 40 80 120 No 10 70 80 Total 50 150 200 (a) ,50.5%,62.5%,70.6%,80.6%,A,,,,infectious diseases,
142,2018,Surgery,,"What is the sensitivity of EEG for detecting brain tumours as per the information given below? Brain tumour EEG result Absent Present Positive 54,000 36 Negative 3,06,000 4 3,60,000 40 (a)  (b)  (c)",90%,85%,0.07%,99.99%,A,,,,,
143,2018,Surgery,,Which sign is most important in deciding severe pneumonia in a child? (a)  (b)  (c),Fast breathing,Nasal flaring,Chest indrawing,Grunting,A,,,,,
144,2018,Surgery,,Varicella-Zoster Immunoglobulin (VZIG) is NOT recommended for which of the exposed susceptible individuals? (a)  (b)  (c),Newborn,HIV/AIDS positive,Healthy sibling,Pregnant women,A,,,,,
145,2018,Surgery,,Carriers of avirulent organism are called: (a)  (b)  (c),Incubatory carriers,Convalescent carriers,Healthy carrier,Pseudo carriers,A,,,,,
146,2018,Preventive & Social Medicine,,"A cohort study was conducted among 200 men aged 20–30 years in Rampur village. Out of 200, 120 men were tobacco users and rest 80 didn’t take any form of tobacco. At the end of one year, 40 men among ",12.5 per 100 men/ year,25.0 per 100 men / year,30.0 per 100 men/ year,33.3 per 100 men/ year,A,,,,infectious diseases,
147,2018,Preventive & Social Medicine,,"The data regarding two exposures A and B, associated with a disease X in a community is given below: Exposure A Exposure B Relative risk 5 10 Attributable risk 80 % 90 % Population attributable risk 7",Preference to control exposure B as it has a higher relative risk,"Preference to control exposure A, because it has a higher population attributable
risk","Preference to control exposure B, because it has a higher attributable risk","Cannot decide, as the precedence of exposure in the community has not been
mentioned",A,,,,,
148,2018,Surgery,,Which of the following types of study designs will be most appropriate to find out the association between mobile phone radiation exposure and cancer? (a)  (b)  (c),Cross-sectional,Case-control,Single-arm interventional,Case-series,A,,,,,
149,2018,Surgery,,The villages A and B have the following age compositions: Age (years) Mid-year population Mid-year population (Village A) (Village B) 0–4 8000 4000 5–9 4000 2000 10–19 5000 3000 20–39 7000 8000 40–59 ,Crude death rate,Age standardized death rate,,,A,,,,,
150,2018,Surgery,,Change in the etiology of the disease Select the correct answer using the codes given below: (a)  (b)  (c),1 and 3 only,1 only,"1, 2 and 3",2 and 3 only,A,,,,,
151,2018,Surgery,,What constitutes the denominator in ‘Total Dependency Ratio’? (a)  (b)  (c),Population 15–45 years of age,Mid year population,Population 15–64 years of age,Population less than 14 and more than 65 years of age,A,,,,,
152,2018,Obstetrics & Gynecology,,A pregnant woman in 2nd trimester of pregnancy from North Eastern State has been diagnosed with uncomplicated P. falciparum. She should be treated with: (a)  (b)  (c),Artemether and Lumefantrine,Artesunate and Sulphadoxine,"Artesunate, Sulphadoxine and Pyrimethamine",Chlorine and Primaquine,A,,,,,
153,2018,Surgery,,By which one of the following studies can relative risk be best calculated? (a)  (b)  (c),Cohort study,Correlation study,Case -control study,Randomised control trial,A,,,,,
154,2018,Surgery,,Orthotolidine (OT) test is done for determining residual free chlorine quantitatively and qualitatively. What is the colour of the solution after adding OT which indicates presence of free chlorine? (,Red,Yellow,Blue,Green,A,,,,,
155,2018,Obstetrics & Gynecology,,Consider the following in respect of Navjat Shishu Suraksha Karyakram(NSSK): 1 It is a programme aimed to train health personnel in basic newborn care and resuscitation 2 It addresses care at birth is,1 and 2 only,1 and 3 only,"1, 2 and 3",2 and 3 only,A,,,,,
156,2018,Preventive & Social Medicine,,The most important indicator for assessment of impact in Salt Iodization Programme is: (a)  (b)  (c),Testing Iodine content of salt at consumer level,Testing Iodine content of salt at production level,Testing median urinary Iodine excretion,Testing serum Iodine levels,A,,,,,
157,2018,Surgery,,Caisson’s disease is usually seen in which group of workers? (a)  (b)  (c),Cotton field agricultural workers,Construction workers under sea level,Workers in manufacture of gas,Workers in radiation units,A,,,,,
158,2018,Surgery,,"These toxic effects like abdominal colic, obstinate constipation, loss of appetite, anaemia, stippling of red cells and blue line on gums are due to exposure to: (a)  (b)  (c)",Carbon monoxide,Asbestos,Lead,Radiation,A,,,,,
159,2018,Preventive & Social Medicine,,Which one of the following conditions can be screened during neonatal screening by biochemical tests? (a)  (b)  (c),Congenital dislocation of hip,Congenital hypothyroidism,Chromosomal abnormalities,Congenital rubella,A,,,,,
160,2018,Surgery,,Which of the following is NOT a mass approach in health communication? (a)  (b)  (c),Folk methods,Role play,Posters,Health exhibition,A,,,,,
161,2018,Surgery,,Genetic factors Select the correct answer using the code given below: (a)  (b)  (c),1 only,1 and 2 only,"1, 2 and 3",2 and 3 only,A,,,,,
162,2018,Surgery,,What is the correct daily dose of Iron and Folic acid to be prescribed to a child aged 12 years? (a)  (b)  (c),20 mg elemental Iron and 100 mcg folic acid,30 mg elemental Iron and 250 mcg folic acid,60 mg elemental Iron and 300 mcg folic acid,100 mg elemental Iron and 500 mcg folic acid,A,,,,,
163,2018,Obstetrics & Gynecology,,When should breastfeeding be initiated to an infant born via a normal delivery? (a)  (b)  (c),Within half an hour,Within one hour of birth,Within 2–4 hours of birth,After 4 hours of birth,A,,,,,
164,2018,Surgery,,As per biomedical waste management rule 2016 the metallic body implants should be discarded in which of the following? (a)  (b)  (c),Yellow colored non-chlorinated plastic bag,Red colored non-chlorinated plastic bag,Card board box with blue colored marking,Separate collection system,A,,,,,
165,2018,Surgery,,Which of the following is NOT a quantitative method in the management of health services? (a)  (b)  (c),Network analysis,Management by objectives,System analysis,Planning programming budgeting system,A,,,,,
166,2018,Surgery,,India is in which stage of the demographic cycle? (a)  (b)  (c),High stationary,Early expanding,Late expanding,Low stationary,A,,,,,
167,2018,Obstetrics & Gynecology,,Manual Vacuum Aspiration (MVA) that has been introduced in primary health centres helps in reducing which of the following indices? (a)  (b)  (c)  (d) Maternal mortality,Infant mortality,Neonatal mortality,Preterm mortality,,A,,,,,
168,2018,Surgery,,The agreement (yes/no) between two observers is statistically measured by: (a)  (b)  (c),Specificity,Sensitivity,Correlation coefficient,Kappa coefficient,A,,,,,
169,2018,Surgery,,How many post natal visits should be made by the ANM to the house of a low birth weight baby? (a)  (b)  (c),2,4,6,8,A,,,,,
170,2018,Preventive & Social Medicine,,The difference between Type A and Type B sub centre as per Indian Public Health standards is in terms of: (a)  (b)  (c),Labour room or delivery facility,Staffing pattern,Location,Availability of drugs,A,,,,,
171,2018,Preventive & Social Medicine,,Which of the following Screening methods for Disease is the least useful? (a)  (b)  (c),Mass screening,High risk group screening,Multiphasic screening,Selective screening,A,,,,,
172,2018,Surgery,,Which one of the following is an indicator for evaluation of impact of family planning? (a)  (b)  (c),Family size,Number of postpartum services availed,Change in behaviour of people,Community needs assessment,A,,,,,
173,2018,Surgery,,Increase in pulse rate Which of the statements given above are correct? (a)  (b)  (c),"1, 3 and 4","1, 2 and 4","1, 2 and 3","2, 3 and 4",A,,,,,
174,2018,Surgery,,Increase in serum calcium levels Select the correct answer using the code given below: (a)  (b)  (c),"1, 2 and 3","1, 2 and 4",1 and 3 only,"2, 3 and 4",A,,,,,
175,2018,Surgery,,Vaginal packing can decrease the risk Select the correct answer using the code given below: (a)  (b)  (c),"1, 2 and 3","2, 3 and 4","1, 3 and 4","1, 2 and 4",A,,,,,
176,2018,Surgery,,Early amniotomy can prevent cord prolapse Select the correct answer using the code given below: (a)  (b)  (c),"1, 2, 3 and 4",1 and 2 only,"1, 2 and 3 only",3 and 4 only,A,,,,,
177,2018,Surgery,,The following are the contents of broad ligament EXCEPT: (a)  (b)  (c),Fallopian tube,Uterine and ovarian arteries with their branches,Ovarian ligament,Internal iIiac artery,A,,,,,
178,2018,Surgery,,Which one of the following is true regarding normal menstrual physiology? (a)  (b)  (c),Ovulation occurs after 48 hours of LH surge,Oestradiol levels peak at 48 hours prior to ovulation,Ovulation occurs after 12 hours of LH peak,Threshold of LH surge generally persists for 48 hours,A,,,,,
179,2018,Surgery,,Which one of the following is NOT a feature of Candida Vaginitis? (a)  (b)  (c),Pruritus is out of proportion to discharge,Discharge is thick and curdy,Yeast-buds and pseudohyphae forms can be seen under the microscope,Metronidazole is the treatment of choice,A,,,,,
180,2018,Surgery,,Which of the following is NOT a high risk factor for developing endometrial carcinoma? (a)  (b)  (c),Delayed menopause,Hypertension,Multiparity,Obesity,A,,,,,
181,2018,Surgery,,All of the following are the features of functional ovarian cyst EXCEPT: (a)  (b)  (c),Usually < 7 cm in diameter,Spontaneous regression occurs,Unilocular,Usually symptomatic,A,,,,,
182,2018,Surgery,,Chorio carcinoma Select the correct answer using the code given below: (a)  (b)  (c),"1, 2 and 3 only","2, 3 and 4 only","1, 2, 3 and 4",1 and 4 only,A,,,,,
183,2018,Surgery,,Which of the following is NOT a component of Fothergill’s operation as a conservative surgery for uterovaginal prolapse? (a)  (b)  (c),Amputation of cervix,Plication of Mackenrodt’s ligaments,Anterior colporrhaphy,Cervicopexy,A,,,,,
184,2018,Obstetrics & Gynecology,,Which one of the following statements is NOT true regarding general physiological changes after delivery? (a)  (b)  (c),Pulse may be raised on first day,Temperature should not be above 99°F,Blood volume returns to normal by second week,Cardiac output remains unchanged after delivery,A,,,,,
185,2018,Surgery,,HbA more than 3.5% is seen in Haemoglobin Electrophoresis 2 Which of the statements given above is/are correct? (a)  (b)  (c),1 only,1 and 2 only,2 and 3 only,"1, 2 and 3",A,,,,,
186,2018,Obstetrics & Gynecology,,"A 20 year old Primigravida, comes at 35 weeks of gestation with complaints of swelling of feet. On examination her blood pressure is 170/110 mm Hg on 2 occasions; urine examination shows proteinuria. ",Can be labelled as Preeclampsia,Requires urgent admission,Injection Dexamethasone is to be given for fetal lung maturity,,A,,,,,
187,2018,Obstetrics & Gynecology,,"A 25 year old, G P L came with amenorrhoea of two and half months followed by bleeding 2 1 1 PV and pain abdomen. On examination cervical OS is open with slight bleeding. The uterus is 10 weeks size w",Ectopic pregnancy,Incomplete abortion,Missed abortion,Inevitable abortion,A,,,,,
188,2018,Surgery,,Which one of the following statements regarding intrauterine growth restriction is NOT correct? (a)  (b)  (c),Defined according to biparietal diameter,Doppler studies are indicated,There is danger of fetal asphyxia during delivery,Generally not seen in women with gestational diabetes,A,,,,,
189,2018,Obstetrics & Gynecology,,"A 15 year old girl comes to the gynae casualty with a relative with complains of amenorrhoea 2 months. The urine pregnancy test is positive, ultrasound confirms 8 weeks pregnancy. The attendants are n",Take consent for abortion and proceed,Inform the police and make MLC,Take parents consent for MTP,None of these,A,,,,,
190,2018,Surgery,,Which of the following is an absolute contraindication for use of oral contraceptive pills? (a)  (b)  (c),Epilepsy,Smoking,Focal Migraine,Bronchial Asthma,A,,,,,
191,2018,Surgery,,The amount of Ethinyl Estradiol in third generation combined oral contraceptive pills is: (a)  (b)  (c),10–20 mcg,20–30 mcg,30–35 mcg,35–50 mcg,A,,,,,
192,2018,Surgery,,Which one of the following clinical situations is NOT ideal to perform female sterilization procedure? (a)  (b)  (c),Postmenstrual period,7 days postpartum,Concurrent with MTP,3 months post abortion,A,,,,,
193,2018,Surgery,,Mitral stenosis Select the correct answer using the code given below: (a)  (b)  (c),1 and 4,2 and 3,1 and 2,3 and 4,A,,,,,
194,2018,Obstetrics & Gynecology,,Pregnancy can be terminated at any gestation if the fetus is diagnosed to have: (a)  (b)  (c),Duodenal atresia,Bilateral talipes,Anencephaly,Hydrocephalus,A,,,,,
195,2018,Obstetrics & Gynecology,,Which one of the following is NOT a cause of recurrent spontaneous abortion? (a)  (b)  (c),Chromosomal abnormality,Antiphospholipid syndrome,Rubella infection,Inherited thrombophillia,A,,,,,
196,2018,Surgery,,Down Syndrome Select the correct answer using the code given below: (a)  (b)  (c),1 only,1 and 3,1 and 2,2 and 3,A,,,,,
197,2018,Obstetrics & Gynecology,,Estimated fetal weight < 3.5 kg Select the correct answer using the code given below: (a)  (b)  (c),"1, 2 and 3 only","1, 2, 3 and 4","1, 3 and 4 only",2 and 4 only,A,,,,,
198,2018,Obstetrics & Gynecology,,Breech presentation In which of the above Vaginal delivery is NOT possible? (a)  (b)  (c),"1, 2 and 3",1 and 3 only,1 only,4 only,A,,,,,
199,2018,Surgery,,Superior vesical artery Select the correct answer using the code given below: (a)  (b)  (c),1 and 2,2 and 4,1 and 3,3 and 4,A,,,,,
200,2018,Surgery,,Which one of the following regarding amniotic fluid is true? (a)  (b)  (c),The volume is highest at 28 weeks,It reveals information about fetal lung maturity and wellbeing,It is decreased in duodenal atresia in baby,It is decreased in gestational diabetes,A,,,,,
201,2018,Surgery,,Total plasma proteins increases Which of the statements given above is/are correct? (a)  (b)  (c),1 only,"1, 2, 3 and 4",1 and 2 only,3 and 4 only,A,,,,,
202,2018,Obstetrics & Gynecology,,Which one of the following statements regarding anatomy of fetal head is NOT true? (a)  (b) Lambdoid suture separates the two parietal bones,Coronal suture separates frontal bones from parietal bones,Bregma is a diamond shaped space at junction of coronal and sagittal sutures,Frontal suture separates the two frontal bones,,A,,,,,
203,2018,Surgery,,Vaginal hysterectomy Select the correct answer using the codes given below: (a)  (b)  (c),1 and 3 only,"1, 2 and 3",3 only,"1, 2 and 4",A,,,,,
204,2018,Surgery,,A 50 year old post menopausal woman comes with complaints of bleeding per vaginum. Which one of the following investigations is NOT required? (a)  (b)  (c),Endometrial biopsy,Diagnostic laproscopy,Hysteroscopy,Pap smear,A,,,,,
205,2018,Surgery,,"It has common and Alpha-sub unit with other hormones FSH, LH and TSH. Select the correct answer using the codes given below: (a)  (b)  (c)","1, 2 and 4","1, 2 and 3","2, 3 and 4","1, 3 and 4",A,,,,,
206,2018,Obstetrics & Gynecology,,Which one of the following is NOT an emergency contraception method? (a)  (b)  (c),Levenorgestrel,Norplant,Intra uterine contraceptive device,High dose oral contraceptive pill,A,,,,,
207,2018,Obstetrics & Gynecology,,All of the following statements are correct about vasectomy EXCEPT: a) No Scalpel Vasectomy NSV) was first developed in China. b)  c)  d) Addition contraception should be used for 3 months after vasec,(,It increases the incidence of testicular cancer,It is less time consuming than tubectomy,,A,,,,,
208,2018,Obstetrics & Gynecology,,Which of the statement regarding anemia in pregnancy is NOT true? (a)  (b)  (c)  (d)  (a) It is safer and less expensive (b) Most men develop antisperm antibodies (c) It has a low failure rate (d) It ,Iron deficiency anemia is most common in Tropics,Faulty dietary habit is one of the factors responsible for anemia,Mild anemia is most common,"If mother is severely anemic, the fetus is also severely anemic
77
Which one of the following statements about male sterilization is NOT true?",A,,,,hematology,
209,2018,Obstetrics & Gynecology,,Which of the following is NOT a method of second Trimester abortion? (a)  (b)  (c),"Mifepristone and PGE
1","PGE analog
2",Intra-amniotic KCl instillation,Hysterotomy,A,,,,,
210,2018,Obstetrics & Gynecology,,"In the process of MTP (Medical Termination of Pregnancy) done by suction and evacuation, it was realized that perforation of uterus occurred with cannula. The next step should be: (a)  (b)  (c)  (d) C",Laparotomy with exploration of bowel,Manual vacuum aspiration,Wait and watch,,A,,,,,
211,2018,Surgery,,Manual vacuum aspiration (MVA) syringe can be used up to 6 weeks Which of the statements given above is/are correct? (a)  (b)  (c)  (d) 1 and 3,1 only,2 and 3,2 only,,A,,,,,
212,2018,Surgery,,Cellulitis is: (a)  (b)  (c),A suppurative invasive infection of skin and subcutaneous tissues,A nonsuppurative invasive infection of tissues,Infection caused by Gram negative bacilli,Infection caused by anaerobic Streptococci,A,,,,,
213,2018,Surgery,,"Following are the factors for increased risk of wound infection EXCEPT: a) Malnutrition b)  c) Metabolic diseases diabetes, uraemia) d) Immunosuppression",(,Good blood supply,"Metabolic diseases (diabetes, uraemi",,A,,,,endocrinology,
214,2018,Surgery,,A 25 year old lady underwent exploratory laparotomy for bowel injury which happened while she underwent medical termination of pregnancy 2 days back. 24 hours after exploratory laparotomy her pulse is,Wound infection,Systematic inflammatory response syndrome,Sepsis syndrome,Multisystem organ failure (MSOF),A,,,,,
215,2018,Surgery,,"A 22 year old young man came with history of occasional bleeding per rectum. On colonoscopy, numerous sessile polyps were seen in descending and sigmoid colon. On family history his elder brother was ",Prophylactic panproctocolectomy,Prophylactic anterior resection,Surveillance colonoscopy every 6 months,Colonoscopic removal of all polyps,A,,,,endocrinology,
216,2018,Surgery,,A 47 year old post menopausal lady was on adjuvant hormonal treatment with Tamoxifen for 3 years for Carcinoma Breast. She came to Outpatient Department with history of passing blood clots per vagina.,Carcinoma Vulva,Carcinoma Vagina,Carcinoma Endometrium,,A,,,,,
217,2018,Surgery,,Which of the following regarding blood supply of rectum is NOT true? (a)  (b)  (c),Superior rectal artery is a direct continuation of Inferior mesenteric artery,"Middle rectal artery arises from external iliac artery and passes through the lateral
ligaments into rectum",Inferior rectal artery arises from internal pudendal artery,Inferior rectal artery traverses the Alcock’s canal into rectum,A,,,,,
218,2018,Surgery,,Gastric conduit after oesophageal resection is based upon: (a)  (b)  (c),Right Gastroepiploic artery,Short gastric vessels and Vasa brevia,Left gastric artery,Right gastric artery,A,,,,,
219,2018,Surgery,,A 70 year old male having comorbidities present with benign appearing parotoid tumour. The best option is: (a)  (b)  (c),Tumour enucleation,Superficial Parotidectomy,Aspiration biopsy confirmation,Radio therapy,A,,,,,
220,2018,Surgery,,Fine Needle Aspiration Cytology (FNAC) is NOT conclusive in which one of the following thyroid swellings? (a)  (b)  (c)  (d) Thyroiditis,Papillary carcinoma thyroid,Follicular carcinoma thyroid,Medullary carcinoma thyroid,,A,,,,endocrinology,
221,2018,Surgery,,Patients with phlebographically confirmed deep vein thrombosis of the calf: (a)  (b)  (c),can expect asyptomatic recovery if treated promptly with anticoagulant,may be effectively treated with low-dose heparin,may be effectively treated with pneumatic compression stockings,are at risk for significant pulmonary embolism,A,,,,,
222,2018,Surgery,,Herceptin (Trastuzumab) is an immunotherapeuctic agent used for: (a)  (b)  (c)  (d) Ovarian malignancy,Carcinoma prostrate,Carcinoma breast,Carcinoma rectum,,A,,,,,
223,2018,Surgery,,Mainstay of an accurate diagnosis of pancreatic injury following blunt abdominal trauma is: (a)  (b)  (c),Computed Tomogram,Diagnostic peritoneal lavage,USG abdomen,MRI abdomen,A,,,,,
224,2018,Surgery,,Pancreatic pseudocysts developing complications are best managed by: (a)  (b)  (c),Conservative treatment,Radiologically guided interventions,External drainage,Surgery,A,,,,,
225,2018,Surgery,,Which one of the following regarding absorbable meshes is NOT true? (a)  (b)  (c),They are made of polygycolic acid fibre,They are used in temporary abdominal wall closure,They are used to buttress sutured repair,They show very good results as collagen deposition is maximum,A,,,,,
226,2018,Surgery,,Which one of the following is NOT a surgical modality for management of femoral hernia? a)  b)  c) d) d) The canal ring narrowing operation Lytle’s),Lotheissen’s (Inguinal) operation,The high approach (Mc Evedy),The low approach (Lockwoo,(,A,,,,,
227,2018,Surgery,,“Triangle of Doom” dissected and seen during Laparoscopic inguinal hernia repair is bounded by all EXCEPT: (a)  (b)  (c),Vas deference,Cord structures,Peritoneal fold,Inferior epigastric artery,A,,,,,
228,2018,Surgery,,Antro-chonal polyp always arises from: (a)  (b)  (c),Maxillary sinus,Posterior ethmoidal cells,Posterior end of the septum,Nasopharynx,A,,,,,
229,2018,Surgery,,Paralytic ileus is a type of: (a)  (b)  (c),Dynamic obstruction,Adynamic obstruction,Inflammatory obstruction,Drug induced obstruction,A,,,,,
230,2018,Surgery,,Indication of Coronary artery bypass grafting (CABG) is: (a)  (b)  (c),More than 25% stenosis of critical left main stem,More than 25% stenosis of proximal left anterior interventricular artery,Triple vessel disease,Deranged Stress Echocardiography report,A,,,,,
231,2018,Surgery,,Normal anatomical narrowing of ureter are present in all EXCEPT: (a)  (b)  (c),Ureteropelvic junction,Crossing the abdominal aorta,Entering bladder wall,Ureteric orifice,A,,,,,
232,2018,Surgery,,Which one of the following regarding abdominal paediatric surgery is correct? (a) (b)  (c),Transverse abdominal incision is always used,Incision can be closed with absorbable suture,Bowel must be always anastomosed in double layer,Skin over abdomen can never be closed with subcuticular sutures,A,,,,,
233,2018,Surgery,,Genetic disorder predisposing patients to develop Berry aneurysm includes all EXCEPT: (a)  (b)  (c),Adult polycystic kidney,Fibromuscular dysplasia,Neurofibromatosis Type II,Marfan’s syndrome,A,,,,,
234,2018,Surgery,,Which one of the following regarding Nasal polyps is NOT true? (a)  (b)  (c),Nasal polyps are very painful to touch,Simple polyps are bilateral,Bleeding polyp may indicate malignancy,Meningocele must be excluded in children with polyps,A,,,,,
235,2018,Surgery,,Allen’s test is used in Cardiac surgery: (a)  (b)  (c),To select finger prick for blood glucose estimation,When radial artery harvest is planned,For evaluation of AV fistula,To check warmth of hands,A,,,,,
236,2018,Surgery,,"In a lateral facial wound, if facial nerve injury is suspected, it should be: (a)  (b)  (c)",Left alone,Skin and subcutaneous flaps to be raised to cover the cut ends,Primary repair should be attempted,Secondary repair using microscope gives best result,A,,,,,
237,2018,Surgery,,Radiologic views used for fracture Mandible (body and Ramus) are all EXCEPT: (a)  (b)  (c),Orthopantomogram,Lateral obliques,Lower occlusal,Submentovertex,A,,,,,
238,2018,Surgery,,Mallory-Weiss tear causing haematemesis is seen over: (a)  (b)  (c),Oesophagus,Gastroesophageal junction,Anterior wall of stomach,Fundus of stomach,A,,,,,
239,2018,Surgery,,Which one of the following factors is NOT involved in the pathogenesis of Systematic inflammatory response syndrome (SIRS)? (a)  (b)  (c),Increased cytokine production,Abnormal nitric oxide synthesis,Free radical production,Microvascular occlusion,A,,,,,
240,2018,Surgery,,Sleeve Gastrectomy done for Morbid obesity is a: (a)  (b)  (c),Restrictive procedure,Reversible procedure,Mildly restrictive and mainly malabsorptive,Malabsorptive procedure only,A,,,,,
241,2018,Preventive & Social Medicine,,Pre-operative Nutrition Screening in a patient with morbid obesity planned for Gastric Bypass includes all EXCEPT: (a)  (b)  (c),Serum Magnesium,Serum Calcium,"Serum Vitamin B
12",Serum Insulin,A,,,,,
242,2018,Surgery,,In postoperative care the long term risks after Bariatric Surgery include all EXCEPT: (a)  (b)  (c),Protein Calorie Malnutrition,Deep Vein Thrombosis,Vitamin and Micronutrient depletion syndromes,Weight regain,A,,,,,
243,2018,Surgery,,Hilton’s method of Incision and drainage of abscess has the advantage of: (a)  (b)  (c),Complete drainage of pus,Avoids injury to underlying vessels and nerves,Provides irrigation,Heals without scar,A,,,,,
244,2018,Surgery,,Indications of computed tomography after head injury include all EXCEPT: (a)  (b)  (c),Glasgow Coma Scale < 13 at any point,Open depressed fracture,Mild head injury in a 50 year old man,Amnesia > 30 minutes,A,,,,,
245,2018,Surgery,,Mondor’s disease is: (a)  (b)  (c),Thrombophlebitis of superficial veins of the breast and anterior chest wall,Other name for tuberculosis of breast,Rare type of chronic intramammary abscess,Named after the scientist who first coined the term “Actinomycosis of Breast”,A,,,,,
246,2018,Surgery,,Sengstaken-Blakemore tube is used to control bleeding in: (a)  (b)  (c),Renal trauma,Bleeding varices,Splenic injury in portal hypertension,Duodenal ulcer bleed,A,,,,,
247,2018,Surgery,,Which one of the following regarding Pancreatic effusion is correct? (a)  (b)  (c),Free fluid collection in Pleural cavity,Never associated with abdominal collection,Pancreatic stenting is to be done,Percutaneous drainage under image guidance is necessary,A,,,,,
248,2018,Surgery,,Which one of the following bone is affected in Keinbock’s disease? (a)  (b)  (c),Lunate bone,Capitellum of the humerus,Metatarsal,Navicular bone,A,,,,,
249,2018,Surgery,,Which one of the following regarding management of acute wounds is NOT true? (a)  (b)  (c),The whole patient should be examined according to ATLS principles,"Wounds should be examined, taking into consideration site and structures
damaged",Bleeding wounds should be elevated and a pressure pad applied,Clamps should be used to stop all bleeding vessels,A,,,,,
250,2018,Surgery,,Risk Scoring System which can be used post operatively is: (a)  (b)  (c),ASA → American Society of Anaesthesiologist,MET → Metabolic Equivalent Task,RCRI → Revised Cardiac Risk Index,"POSSUM → Physiologic and operative severity Score for enUmeration of
Mortality and Morbidity",A,,,,,
